
{
  "APPINSIGHTS_CONNECTIONSTRING": "<developer-app-insights-connection-string-here",
  "ApplicationInsights": {
    "ConnectionString": "<developer-app-insights-connection-string-here"
  },
  "AzureAppConfigConnection": "<your-azure-app-configuration-connection-string-here>",
  "Application": {
    "Environment": "develop"
  },
  "Redis": {
    "ConnectionString": "your-connection-string",
    "RedisConnectionString": "connection-string-from-cli-here-if-needed",
    "RedisInstanceName": "your-cache-instance-name"
  }
}
