{
  "dependencies": {
    "mssql1": {
      "type": "mssql.local",
      "connectionId": "ConnectionStrings:DefaultConnection"
    },
    "appInsights1": {
      "secretStore": "LocalSecretsFile",
      "resourceId": "/subscriptions/[parameters('subscriptionId')]/resourceGroups/[parameters('resourceGroupName')]/providers/microsoft.insights/components/LicensePlateAdminWeb20241231acw",
      "type": "appInsights.azure",
      "connectionId": "APPLICATIONINSIGHTS_CONNECTION_STRING",
      "dynamicId": null
    }
  }
}